"comment_text","toxic"
"gandu","1"
"mc","1"
"bc","1"
"chutiya","1"
"madarchod","1"
"kutte","1"
"btich","1"
"btihc","1"
"btch","1"
"batch","0"
"kutti","1"
"kutte ki aulaad","1"
"kutte ki beti","1"
"kutte ki beti","1"
"bhenchod","1"
"bhen di lodi","1"
"kutta","1"
"kutiya","1"
"kutte ka bacha","1"
"haraami","1"
"bhosdike","1"
"bhosdiki","1"
"bhadwa","1"
"raand","1"
"randi","1"
"chutiye","1"
"bhen ke lode","1"
"maderchod","1"
"gaandu","1"
"tatte","1"
"teri maa ki","1"
"maa chuda","1"
"bhosadike","1"
"lodu","1"
"lode","1"
"laude","1"
"lund","1"
"choot","1"
"chut","1"
"chutmarra","1"
"chutmarike","1"
"khanzeer","1"
"sali","1"
"sala","1"
"kamina","1"
"kaminey","1"
"ullu ka patha","1"
"ullu ki patthi","1"
"kutta mawt","1"
"gasti","1"
"gashti","1"
"dalla","1"
"bharwa","1"
"dalley","1"
"khusra","1"
"hijra","1"
"chakka","1"
"bhosda","1"
"mutthal","1"
"lanat","1"
"laanti","1"
"beghairat","1"
"kanjar","1"
"kanjri","1"
"soor","1"
"suar ka bacha","1"
"kameeni","1"
"8h3nchod","1"
"t3r1 maa k1","1"
"ullu k! p4tth1","1"
"bh4rw@","1"
"9andu","1"
"9a$t!","1"
"9@sht!","1"
"bh3n di lod!","1"
"r4and","1"
"ga5ht1","1"
"bho$da","1"
"l4n4t","1"
"bho54d1ke","1"
"ch@kk4","1"
"$o0r","1"
"kutt!","1"
"bho$d4","1"
"kutt1","1"
"h4ra@m1","1"
"chut1y@","1"
"ter1 m4@ k!","1"
"bh3n d! l0d!","1"
"bh3n d1 lod!","1"
"k@m1na","1"
"8h4rw@","1"
"t@tt3","1"
"k@m!n3y","1"
"r@ndi","1"
"kutte k@ b@cha","1"
"d@ll@","1"
"kutt3 ki @ul@@d","1"
"l0de","1"
"la4nti","1"
"8hos@d!k3","1"
"khanze3r","1"
"kutt3 k@ 84ch@","1"
"khanz3er","1"
"khusr4","1"
"83gh@ir@t","1"
"kutte ki 83t1","1"
"k@m33n1","1"
"ullu k1 patthi","1"
"kutt@ m@wt","1"
"laant1","1"
"kut1y@","1"
"m@@ chud@","1"
"kutt3 k! 4ula4d","1"
"9a4ndu","1"
"m@a chuda","1"
"ullu k@ p@th@","1"
"g@sht1","1"
"m4d3rch0d","1"
"m@4 chud4","1"
"chutmarr@","1"
"khanz33r","1"
"dall3y","1"
"8h4dw4","1"
"83gh41r4t","1"
"8egha!r4t","1"
"bh@dw4","1"
"ch@kka","1"
"kutiy4","1"
"kutte k1 bet1","1"
"laud3","1"
"ullu k4 p@th4","1"
"k@njr1","1"
"k4meeni","1"
"chutm@rr@","1"
"g@@ndu","1"
"s4la","1"
"k4m!n3y","1"
"l4ant!","1"
"bh05d@","1"
"k@njar","1"
"kutte k! aul4ad","1"
"bho$@dike","1"
"chutiy@","1"
"kutt@","1"
"h4r4@mi","1"
"s4li","1"
"d4lley","1"
"8h3nch0d","1"
"ch@kk@","1"
"d4ll@","1"
"l@4nti","1"
"bho$d1k1","1"
"chut1y3","1"
"kh@nz33r","1"
"$ali","1"
"k4njri","1"
"m4derch0d","1"
"rand1","1"
"khu$r4","1"
"54li","1"
"r@and","1"
"l4ud3","1"
"kutte ki bet1","1"
"$uar k@ 8@ch@","1"
"ra4nd","1"
"8harwa","1"
"lan@t","1"
"d4lla","1"
"ga4ndu","1"
"chutm@r!k3","1"
"kutt@ mawt","1"
"m4derchod","1"
"g4ndu","1"
"8ho5diki","1"
"8h0sdike","1"
"ga@ndu","1"
"kutt3","1"
"r@nd!","1"
"l0d3","1"
"8h05dik1","1"
"bh3n d! lod!","1"
"ch00t","1"
"8ho$d!k1","1"
"8ho$dike","1"
"r44nd","1"
"kutt3 ki beti","1"
"bh3n k3 lod3","1"
"m4d@rch0d","1"
"suar ka b@cha","1"
"h@r@ami","1"
"$u4r k4 b@ch4","1"
"kutta m@wt","1"
"ga5ti","1"
"ullu k1 p@tth1","1"
"5o0r","1"
"kame3ni","1"
"chutm4r!ke","1"
"$@l4","1"
"chutm@rr4","1"
"m@d@rchod","1"
"kutte ki 83t!","1"
"kutt4","1"
"8hen k3 l0de","1"
"94$t!","1"
"8h3n ke lode","1"
"k4njr1","1"
"kutiy@","1"
"bh054dik3","1"
"g4$ht1","1"
"bhench0d","1"
"ch0ot","1"
"m4d@rchod","1"
"chutm4rra","1"
"8harw4","1"
"ullu ka p4th@","1"
"ch4kk4","1"
"b3ghair4t","1"
"t@tte","1"
"d@ll3y","1"
"la@nt!","1"
"mutth@l","1"
"ter! m@a ki","1"
"ter! maa ki","1"
"mad4rch0d","1"
"t3r! ma4 k!","1"
"chut1ya","1"
"bho$d!ke","1"
"ullu k@ path@","1"
"bho5da","1"
"8e9h4ir@t","1"
"k4m1n@","1"
"l@n4t","1"
"5oor","1"
"kutt3 k! 83t1","1"
"kam3eni","1"
"h4r4am!","1"
"8hadw4","1"
"t4tte","1"
"bhos@d1ke","1"
"g@sti","1"
"kanjr1","1"
"s0or","1"
"h1jr4","1"
"h1jra","1"
"chut!y3","1"
"kam!n4","1"
"kutte ka b4ch@","1"
"5al!","1"
"kam1ney","1"
"chut!y@","1"
"8h@dw4","1"
"k4njar","1"
"$@la","1"
"$00r","1"
"kutt3 k1 b3t!","1"
"kutt3 k4 bach4","1"
"bhadw@","1"
"bh3nchod","1"
"8h05d!ke","1"
"kut1ya","1"
"k@nj4r","1"
"chutiy3","1"
"g@andu","1"
"kamin3y","1"
"8h3n k3 l0d3","1"
"l0du","1"
"kutt3 k1 aul@@d","1"
"su4r ka 8ach4","1"
"ullu k1 p@tthi","1"
"l@ude","1"
"5@la","1"
"bh3n d! l0d1","1"
"ullu ka path4","1"
"chutm4r1ke","1"
"bh0sd!ki","1"
"kutt3 ki 8et1","1"
"kutt4 mawt","1"
"h1jr@","1"
"m4@ chud4","1"
"kanj4r","1"
"khu5ra","1"
"$uar k@ 8ach@","1"
"94ndu","1"
"kutt3 k1 8et!","1"
"9@sti","1"
"8h3n k3 lod3","1"
"ullu ki p4tth!","1"
"9a5hti","1"
"kutt3 ki aula@d","1"
"d4ll4","1"
"8ho$d4","1"
"l4ude","1"
"kutte k4 84ch4","1"
"8ho5d!ke","1"
"chakk@","1"
"8hen ke lod3","1"
"8h0sad!ke","1"
"$al1","1"
"ullu ki p@tthi","1"
"b39h41r4t","1"
"ga4ndu","1"
"l@nat","1"
"ullu k4 p4tha","1"
"9@andu","1"
"8h@dw4","1"
"l0de","1"
"8h05d1ke","1"
"ma@ chuda","1"
"bh0$ad!ke","1"
"m4d3rch0d","1"
"5@la","1"
"8h3n di lod1","1"
"bho5d@","1"
"lan4t","1"
"k4me3ni","1"
"kutte k! 8eti","1"
"kutt3 k! 83ti","1"
"8h05d!ke","1"
"8ho5adik3","1"
"$u@r k@ 8@ch@","1"
"b39h4ir4t","1"
"8ho$d1k3","1"
"g@sti","1"
"kam!na","1"
"t3r! m4@ ki","1"
"$uar k@ b@ch4","1"
"5u4r ka 8ach4","1"
"h4raam!","1"
"bh0$d@","1"
"h@r@4m1","1"
"kutt3 k1 @ula@d","1"
"su@r k@ b4ch@","1"
"m@d@rchod","1"
"kame3n!","1"
"k4m3en1","1"
"9asti","1"
"m@@ chud@","1"
"t4tt3","1"
"kutt3 ki b3ti","1"
"s4l@","1"
"k4njar","1"
"mad@rch0d","1"
"kutte k@ 8@ch4","1"
"$u4r k@ 8ach4","1"
"t3r! ma4 k!","1"
"5u@r k@ b@ch@","1"
"kutt3 ki 4ul@@d","1"
"$@li","1"
"bh3nchod","1"
"bhos4d!ke","1"
"hara@m!","1"
"k@m33n!","1"
"bh0sd@","1"
"kutt3 k1 @ulaad","1"
"maa chud@","1"
"9@5ht1","1"
"bh3n d! l0d!","1"
"ullu k1 p@tth1","1"
"m44 chud4","1"
"bh0$adike","1"
"g@$ti","1"
"k4njr1","1"
"g@sht1","1"
"8h3n di lod!","1"
"kutt3 k! aula@d","1"
"l@ud3","1"
"k@m33ni","1"
"8ho5d1k1","1"
"8h0s4d1k3","1"
"chutmarr4","1"
"8h05d1k!","1"
"chut!y4","1"
"8hadwa","1"
"d4ll@","1"
"9@5ht!","1"
"kutte ka 84ch@","1"
"h@r44m1","1"
"8egha!rat","1"
"kutt3 k! @ul@4d","1"
"chut!y3","1"
"9a5t1","1"
"kutte k! aul@@d","1"
"l@ant1","1"
"k@miney","1"
"kutte ki 83t1","1"
"839h@1r4t","1"
"839hair4t","1"
"chut1y@","1"
"kutt3 ka b@ch4","1"
"h@r@@m1","1"
"b3gh4!r4t","1"
"9@sht!","1"
"t3r! m@a ki","1"
"g4sht1","1"
"8ho5@d!k3","1"
"ullu k4 p4th@","1"
"9a4ndu","1"
"chutm@rike","1"
"chutiy3","1"
"m4d3rchod","1"
"ullu k! p@tth!","1"
"be9ha1r@t","1"
"bh0$d!k1","1"
"bh05diki","1"
"chutmar1ke","1"
"kutt3 ki b3t1","1"
"kutt3 k! 83t1","1"
"g@5t1","1"
"chutm4r!ke","1"
"ter! m4a ki","1"
"bhen di l0d1","1"
"m@derchod","1"
"m@d3rchod","1"
"b3gha!r4t","1"
"8h0s@d1ke","1"
"8h3n d! l0d1","1"
"ch@kka","1"
"ullu k! patthi","1"
"chutm@r1k3","1"
"9@5t!","1"
"kut!y@","1"
"$u4r k4 84ch4","1"
"8hos@d1k3","1"
"ter! m@4 ki","1"
"8hen di l0di","1"
"8hen ke l0d3","1"
"$u4r ka 84cha","1"
"94$ht1","1"
"8h0$d!k!","1"
"l4@nti","1"
"kutt4 m@wt","1"
"8h0$@dike","1"
"8c","1"
"945ht!","1"
"ter1 ma@ k!","1"
"h@r@am1","1"
"kutt3 k@ 8@ch4","1"
"l0d3","1"
"kutte k! @ul4ad","1"
"8e9h@1rat","1"
"8ho54d1k3","1"
"bh0sda","1"
"bh05d1k1","1"
"bhen d1 l0di","1"
"8h054d1ke","1"
"h4r44m!","1"
"ter! m@@ k!","1"
"bho5d1ki","1"
"m@d4rch0d","1"
"8ho5dike","1"
"$u@r ka 84cha","1"
"m4@ chud@","1"
"kutte k! 8et1","1"
"kutte k1 4ula@d","1"
"8h0sd@","1"
"m@d@rch0d","1"
"kutte ki 4ul@ad","1"
"8hen d1 l0di","1"
"8ho$@dik3","1"
"kutte ki 4ul44d","1"
"t3r! m4a k!","1"
"ga5t!","1"
"l@@nt!","1"
"8hosad!ke","1"
"9@shti","1"
"kutte k! aul4@d","1"
"8h0s@d!k3","1"
"$u@r ka b@ch@","1"
"k4njr!","1"
"k@m3en!","1"
"bh05d!ki","1"
"khanz33r","1"
"8hosd4","1"
"bh05d4","1"
"5uar k@ 84ch@","1"
"kutt3 k@ b@ch@","1"
"9a5ht1","1"
"kutte k@ 8@cha","1"
"8hen ke lode","1"
"8ho5d!k!","1"
"9ast!","1"
"k@min3y","1"
"m@d3rch0d","1"
"839h4ir@t","1"
"kutt3 k@ b@cha","1"
"h4r@4m!","1"
"k4miney","1"
"h@r@am!","1"
"t3ri m@4 k1","1"
"9@sht1","1"
"k4m1na","1"
"bh3n ke l0d3","1"
"kutte k! b3t1","1"
"kam33ni","1"
"s@l!","1"
"8ho$@d!k3","1"
"9@$t1","1"
"t@tte","1"
"8h05d4","1"
"gast1","1"
"d4ll4","1"
"d@ll3y","1"
"8ho5d1k!","1"
"dall4","1"
"8eghairat","1"
"chutmar!ke","1"
"t3r! m@@ k1","1"
"bh0sd1ke","1"
"bh3n d! lod1","1"
"h!jr4","1"
"k4m3en!","1"
"50or","1"
"kutt3 ki 8et1","1"
"kutte k1 aul@ad","1"
"$u4r k4 8ach4","1"
"su@r k@ b@ch@","1"
"8ho$d!ke","1"
"h1jr4","1"
"$al4","1"
"bho5d1k1","1"
"83gh41r4t","1"
"8h05diki","1"
"chutmar!k3","1"
"bh0$d!ki","1"
"suar ka b@ch4","1"
"kutt3 ki b3t!","1"
"kutt3 k1 bet!","1"
"kutt3 ka b4ch@","1"
"b3gh4irat","1"
"$ali","1"
"kutt3","1"
"chut!ya","1"
"su@r k4 b4cha","1"
"k@m!n4","1"
"bh05adik3","1"
"h4r@@m1","1"
"ter! m@4 k!","1"
"8h0sd1ke","1"
"ullu k! p4tth1","1"
"bh05dik1","1"
"t3r1 m@4 k1","1"
"kutt3 k! 8eti","1"
"kutt3 k@ bach4","1"
"k4m33n!","1"
"m4d4rch0d","1"
"khusr4","1"
"945t1","1"
"kutt3 k! 4ul4@d","1"
"$u4r k@ 8ach@","1"
"5uar k@ 8@ch@","1"
"kutt3 k@ b@ch4","1"
"kutte k! bet1","1"
"bh0sd4","1"
"t3r! m@@ k!","1"
"kutte ki 83ti","1"
"839h4ir4t","1"
"kh4nze3r","1"
"ullu k1 p4tth1","1"
"k@meen1","1"
"r@ndi","1"
"5uar ka b@ch4","1"
"kutt3 k@ b4cha","1"
"9asht!","1"
"k4nj4r","1"
"$u@r k4 8@ch@","1"
"kutt3 k! b3ti","1"
"bhosd1k3","1"
"kutte k! beti","1"
"8ho5d!ke","1"
"8ho5@d1k3","1"
"la4nt1","1"
"kutiy4","1"
"8hosadik3","1"
"kutte k! 4ul@@d","1"
"l4@nt!","1"
"k@njr1","1"
"g4andu","1"
"g@5t!","1"
"8h0$d1ke","1"
"kutt3 k! bet1","1"
"8h0sda","1"
"har@4mi","1"
"bhen k3 lode","1"
"r@and","1"
"ma4 chuda","1"
"kutt3 ki 8eti","1"
"8h0$@d!k3","1"
"kutt3 k4 bacha","1"
"la4nti","1"
"5uar k@ b@ch4","1"
"chut1ye","1"
"t3r1 m4@ k!","1"
"r4and","1"
"bhosdik!","1"
"$4l!","1"
"t4tte","1"
"8h05d@","1"
"8h3nch0d","1"
"8egh@!r@t","1"
"chutm4r1k3","1"
"khu5r4","1"
"k4m!n3y","1"
"ullu ki patth1","1"
"kutt4 mawt","1"
"kutt!","1"
"kutt3 k1 83ti","1"
"$u4r k@ 84ch@","1"
"ch4kka","1"
"k4m33ni","1"
"8ho$d!k1","1"
"9@sti","1"
"9@$ht1","1"
"5u4r k4 84ch4","1"
"k@me3ni","1"
"8ho5d!k1","1"
"bh0sd1k!","1"
"begh41rat","1"
"r4ndi","1"
"$u4r k@ 8@ch4","1"
"8ho5da","1"
"8h0sd!k3","1"
"8ho54d1ke","1"
"k4mina","1"
"$u4r ka b@cha","1"
"8hosd!ke","1"
"bh0$d1k!","1"
"r@4nd","1"
"rand1","1"
"su@r ka 8@ch4","1"
"945t!","1"
"kutt3 ki 83ti","1"
"kutte k1 83t!","1"
"ma4 chud@","1"
"suar k@ b4cha","1"
"kutte k! 4ul44d","1"
"9a@ndu","1"
"8h05d1ki","1"
"k@m1n@","1"
"8hen d1 lod!","1"
"be9h41r4t","1"
"9a$hti","1"
"ra4nd","1"
"kutte k@ b4ch@","1"
"teri m@4 k1","1"
"kut1ya","1"
"9a5ht!","1"
"$u@r k4 84ch4","1"
"bh3nch0d","1"
"kutt3 k! aul@@d","1"
"d@ll4","1"
"8henchod","1"
"h@raami","1"
"9a5ti","1"
"bhen ke l0de","1"
"kutt3 ki aula4d","1"
"kutte ki @ul4@d","1"
"54l@","1"
"kutt3 k1 aul@4d","1"
"bho$d@","1"
"b3gh41r@t","1"
"lod3","1"
"suar k4 8@ch@","1"
"bh4dw4","1"
"sal1","1"
"$@la","1"
"bho5@d1k3","1"
"kh@nz33r","1"
"begh41r@t","1"
"m@4 chud4","1"
"l4n4t","1"
"kutt3 k! bet!","1"
"8h0$d4","1"
"chutm@r1ke","1"
"kutt3 k! aul44d","1"
"8h0$d!ki","1"
"bhen k3 lod3","1"
"$u4r ka b@ch4","1"
"t3r1 m@@ ki","1"
"$u@r k@ 84ch@","1"
"bh4rw@","1"
"8h3n ke lode","1"
"bho5dike","1"
"d4lley","1"
"8ho$d1k1","1"
"8h0$@d!ke","1"
"bhen d! l0d1","1"
"t3ri m@4 ki","1"
"kutt3 ki 8et!","1"
"8h0$d!k1","1"
"m4d@rch0d","1"
"bhosdik3","1"
"8hadw@","1"
"8h05d1k3","1"
"k4m1n3y","1"
"kutte ka bach4","1"
"kutte ki aul@4d","1"
"k@mina","1"
"8h0s@d1k3","1"
"kutte k! @ul4@d","1"
"8h05@d1k3","1"
"kutt3 k1 aul@@d","1"
"la4nt!","1"
"k@njar","1"
"bh3n d1 lod1","1"
"kutt3 k4 8@cha","1"
"8h3n k3 lod3","1"
"8h05dik1","1"
"r4nd!","1"
"g4shti","1"
"bho$4d1ke","1"
"kam1na","1"
"bho5diki","1"
"$uar ka 8@ch4","1"
"5u4r k4 b4ch4","1"
"suar k4 8@cha","1"
"kutte ka 8@cha","1"
"suar ka 8@ch4","1"
"kutt3 k! @ulaad","1"
"$o0r","1"
"83gh4!r4t","1"
"bh0s@d1ke","1"
"8h0sd!ki","1"
"kutt3 ki 83t1","1"
"bh054d!k3","1"
"k@m!ney","1"
"h@r@@m!","1"
"t3ri maa ki","1"
"kh4nz3er","1"
"k4nj@r","1"
"t3r1 ma@ k1","1"
"$u@r k@ bach4","1"
"8ho5dik!","1"
"8h05@d1ke","1"
"bh@rwa","1"
"$uar k4 8@ch4","1"
"5u4r ka 8@ch4","1"
"945hti","1"
"kutt3 k! 83t!","1"
"h!jr@","1"
"kutt1","1"
"5uar k@ b@cha","1"
"8h3n k3 lode","1"
"bh0s@d1k3","1"
"t3r1 m4a k!","1"
"kut!y4","1"
"k@min@","1"
"suar k@ 8@cha","1"
"b39h@ir4t","1"
"bho$d4","1"
"dall3y","1"
"ullu k@ p@tha","1"
"$4li","1"
"kutt3 k4 8ach4","1"
"kutte k4 b4ch@","1"
"8ho$d4","1"
"5oor","1"
"bh3n di l0d!","1"
"h!jra","1"
"teri m@a k!","1"
"chutm4r!k3","1"
"kutt3 k1 aulaad","1"
"ullu k4 p@th@","1"
"kut!ya","1"
"83gh@ir4t","1"
"m@derch0d","1"
"bh0$da","1"
"94sht1","1"
"h4ra@m1","1"
"ullu k1 patth1","1"
"kam!n4","1"
"8ho5@d1ke","1"
"t3ri m4a k1","1"
"kamin4","1"
"8h3n di lodi","1"
"8h05d1k1","1"
"r4nd1","1"
"kutte ki bet!","1"
"kutte ka 8ach4","1"
"bh0$d!ke","1"
"m@d4rchod","1"
"kutt3 k! aul4@d","1"
"5u4r k4 b@ch4","1"
"8h3n d! lod1","1"
"ch4kk4","1"
"t3ri m@a ki","1"
"chutmar1k3","1"
"$4l4","1"
"bho$@dik3","1"
"$uar k@ 8@ch@","1"
"har@@m!","1"
"kutt3 k! b3t1","1"
"bh4rwa","1"
"9asht1","1"
"kutte ki 8et1","1"
"su@r k@ b@cha","1"
"kutt3 k@ b4ch@","1"
"bhosd!ke","1"
"kutte k1 b3t!","1"
"bh0$d4","1"
"8hos@dik3","1"
"g45hti","1"
"sal4","1"
"8hen d! lod!","1"
"8ho$ad!ke","1"
"su4r k4 8@ch4","1"
"8e9hairat","1"
"bh3n k3 l0d3","1"
"8egha1rat","1"
"kutte k! 83ti","1"
"8egh4!r@t","1"
"kutt3 k! @ul4@d","1"
"d@lley","1"
"945ti","1"
"b3gh@ir4t","1"
"m4d@rchod","1"
"be9h@1r4t","1"
"bh4rw4","1"
"8h05d!ki","1"
"kutt3 k4 84ch@","1"
"bh@dw@","1"
"kutte k1 8et1","1"
"k@nj@r","1"
"r4@nd","1"
"8ho$4dike","1"
"ullu k1 p4tthi","1"
"chutmarik3","1"
"g4sht!","1"
"54l!","1"
"8h3n d! lod!","1"
"chut1y3","1"
"bh0s@d!k3","1"
"8hen d! lodi","1"
"ullu k@ p@th@","1"
"$oor","1"
"t3r1 m4a ki","1"
"g@$t!","1"
"bh0$4d!ke","1"
"kutt3 ka b@cha","1"
"5u4r ka 8@cha","1"
"bh0sdik3","1"
"bho5d1k!","1"
"k@m3eni","1"
"bh0$@dik3","1"
"su4r ka 8@ch4","1"
"bho$@d1ke","1"
"kutte k4 bacha","1"
"chutm@rik3","1"
"$uar k@ 84ch@","1"
"ullu k1 patth!","1"
"bharw@","1"
"$@l!","1"
"h@ra@m!","1"
"ullu k@ p4th4","1"
"k4me3n!","1"
"sal!","1"
"9@$ti","1"
"t@tt3","1"
"8h05@d!k3","1"
"m44 chud@","1"
"t3r1 m4@ k1","1"
"5u4r ka b@ch@","1"
"g4st1","1"
"g4$t1","1"
"k@nj4r","1"
"h@r@@mi","1"
"b39h@!r4t","1"
"g@5ht!","1"
"kutte k! 83t!","1"
"8hosdiki","1"
"$u@r k@ 8ach@","1"
"8h3n ke l0de","1"
"bh@rw4","1"
"bhen ke l0d3","1"
"kutt@","1"
"8h0$dike","1"
"chutm@rr4","1"
"kutt3 k1 4ul4@d","1"
"kutte k1 4ulaad","1"
"kutt3 ki 4ul@ad","1"
"5u@r k@ b@ch4","1"
"bho$@d!k3","1"
"k4meeni","1"
"kamin3y","1"
"kutt3 k1 aul4@d","1"
"bhen di lod1","1"
"8h4dwa","1"
"$u@r k@ 8@ch4","1"
"h4r4am!","1"
"t3r! m4a k1","1"
"8h0sd!k1","1"
"t3r! m44 ki","1"
"m4a chud4","1"
"chut!y@","1"
"ullu k@ p@th4","1"
"bho$d!ki","1"
"khanze3r","1"
"kutte k1 8eti","1"
"8e9h@1r@t","1"
"8h054dike","1"
"5u4r k@ 84ch4","1"
"g@st!","1"
"kutt3 ka 8acha","1"
"8ho$da","1"
"kutte k! 4ulaad","1"
"kutt3 k! 8et1","1"
"5al!","1"
"ullu k@ path@","1"
"ga5hti","1"
"k4meen1","1"
"kutte k1 bet1","1"
"8h0$d1k!","1"
"bhos4d!k3","1"
"h4ra@m!","1"
"gasht1","1"
"kutte k! 4ul4ad","1"
"bhen d1 lod1","1"
"8hen ke l0de","1"
"t3r! m44 k1","1"
"8h0$d!ke","1"
"839ha1rat","1"
"bh05d1k!","1"
"bh0$@d1k3","1"
"kutte ki b3t!","1"
"ter! m4@ k!","1"
"kutte ka b4cha","1"
"kutt3 k4 8@ch4","1"
"t3r! ma@ ki","1"
"8h4rwa","1"
"bhen k3 l0de","1"
"8ho$ad!k3","1"
"h4ra4m!","1"
"g@andu","1"
"kh@nz3er","1"
"kh4nz33r","1"
"$u4r ka 8@cha","1"
"8ho$d!ki","1"
"h@ra@mi","1"
"bh0sd1k3","1"
"kutt3 k1 b3t1","1"
"5u@r k@ b@cha","1"
"bhen d1 lodi","1"
"$@l1","1"
"8h3n d1 lod!","1"
"8e9h4!r4t","1"
"h@r@4m!","1"
"su@r k4 b@ch4","1"
"ga$ht!","1"
"kutte k@ bacha","1"
"bh0$@dike","1"
"t3r! ma@ k!","1"
"ga@ndu","1"
"beghair@t","1"
"su4r k@ 8ach4","1"
"khu$r4","1"
"bh3n k3 lod3","1"
"ullu k4 p@tha","1"
"kutte k1 8et!","1"
"kutte k@ b@ch4","1"
"8e9h4!r@t","1"
"ullu k4 path@","1"
"bhen di l0di","1"
"5u@r ka 8@cha","1"
"ullu k! p4tth!","1"
"8ho$dike","1"
"bho$d!k!","1"
"$u@r k4 84cha","1"
"l4ude","1"
"$uar ka b4ch4","1"
"maa chud4","1"
"kutt3 ki @ula@d","1"
"bho$da","1"
"8ho$d@","1"
"har@4m!","1"
"bh05@d1ke","1"
"kam1n@","1"
"g4$ht1","1"
"bhos@d1k3","1"
"kutt@ m4wt","1"
"kam1n3y","1"
"kutt3 ki bet1","1"
"94andu","1"
"bho5d4","1"
"$uar k@ 8@ch4","1"
"m@@ chuda","1"
"ullu k@ path4","1"
"$u4r k@ 84ch4","1"
"bho$@d1k3","1"
"l4ant!","1"
"8h3n ke l0d3","1"
"k4m1ney","1"
"t3ri m44 k1","1"
"d4ll3y","1"
"l44nt!","1"
"khu$r@","1"
"kutt3 k1 8eti","1"
"m@a chud4","1"
"ullu ki p@tth!","1"
"9@st1","1"
"9@$t!","1"
"k@njri","1"
"8h0$d1k1","1"
"m@a chuda","1"
"bh05@d1k3","1"
"kutt3 k! @ul44d","1"
"hara4m!","1"
"b3gha1r4t","1"
"ch00t","1"
"kutt3 k! b3t!","1"
"bho$d!ke","1"
"bh3n d1 lod!","1"
"g45ti","1"
"k4min3y","1"
"s4l1","1"
"h4r@ami","1"
"8h0sd4","1"
"h@r@4mi","1"
"bho$@d!ke","1"
"5ala","1"
"94st1","1"
"8h05d!k3","1"
"kutt3 k! 4ul44d","1"
"$uar k@ bach4","1"
"8ho54dik3","1"
"kutt3 ka bach4","1"
"$ala","1"
"khu$ra","1"
"8ho$@d1ke","1"
"ga5ht!","1"
"bho$dik!","1"
"kutt3 ki beti","1"
"kutte ki aul@@d","1"
"kutte ka 84ch4","1"
"t3ri ma@ k1","1"
"r44nd","1"
"har4am!","1"
"s@l1","1"
"5al1","1"
"l44nti","1"
"chakk@","1"
"9@@ndu","1"
"bh05dik3","1"
"g45t1","1"
"94shti","1"
"k@meeni","1"
"bho$d!k3","1"
"bhos4d1ke","1"
"8ho$d1ki","1"
"hijr4","1"
"ra@nd","1"
"k@m!n3y","1"
"ullu k! p@tth1","1"
"kutte ki 8et!","1"
"rand!","1"
"bhen ke lod3","1"
"5u4r ka 84ch4","1"
"ter! ma4 k1","1"
"ullu k@ patha","1"
"kutte k@ 8acha","1"
"begh41r4t","1"
"5uar k4 8@ch4","1"
"t3r1 m@a k1","1"
"ullu k1 p4tth!","1"
"9a$ht!","1"
"begh@1rat","1"
"kutt3 ka 84ch@","1"
"8h4rw4","1"
"bhen d! lodi","1"
"kutt3 k! aul4ad","1"
"kutt3 ka b4cha","1"
"bho5ad1ke","1"
"kutte k1 b3ti","1"
"t3ri m4@ k!","1"
"k4me3n1","1"
"kutte k1 aul@@d","1"
"$4la","1"
"bhen k3 l0d3","1"
"d@lla","1"
"ter! m@4 k1","1"
"chutm@rr@","1"
"kutt3 k! @ul@@d","1"
"bhosdik1","1"
"bhosd!k3","1"
"m@@ chud4","1"
"kutt3 k! @ul4ad","1"
"bhen d! l0d!","1"
"8h05d!k1","1"
"chutm4rr@","1"
"kutt3 k! 8et!","1"
"g4@ndu","1"
"s@la","1"
"b3gh4ir4t","1"
"bh3n ke l0de","1"
"su4r ka 84ch4","1"
"$4l@","1"
"chakk4","1"
"dumbas5","1"
"d1kkh3ad","1"
"d1pshi7","1"
"4s$hole","1"
"d1ckhead","1"
"j@kkas$","1"
"fucker","1"
"m0th3rfuck","1"
"d1ck","1"
"b4s7ard","1"
"pr1ck","1"
"moth3rfvkk","1"
"m07h3rfvck","1"
"dikkhead","1"
"wank3r","1"
"b!tkha$5","1"
"d0vch3","1"
"j4ck@5s","1"
"pv5sy","1"
"sh!t7y","1"
"sh!t","1"
"kokk$uck3r","1"
"m07h3rfvkker","1"
"m07h3rfukker","1"
"bvll$h!7","1"
"$h!t","1"
"$hi77y","1"
"mo7h3rfvck3r","1"
"bvllsh17","1"
"bitch@$$","1"
"cokksuck3r","1"
"dip5hi7","1"
"prikk","1"
"dickh3ad","1"
"mo7h3rfvck","1"
"b1tch4$s","1"
"bitkh@55","1"
"motherfuck","1"
"bull5h1t","1"
"dipsh1t","1"
"mo7herfukk","1"
"f4gg0t","1"
"cock$uck3r","1"
"jack4ss","1"
"sh!77y","1"
"d0ukh3","1"
"m07herfvcker","1"
"m07herfuck","1"
"bull$h!7","1"
"sh1t7y","1"
"re7ard","1"
"a55hol3","1"
"b457ard","1"
"r3t@rd","1"
"fuckf4c3","1"
"$h!7","1"
"b1tch","1"
"moth3rfvkk3r","1"
"m0therfuck","1"
"m0therfukk3r","1"
"a5shol3","1"
"@s$hole","1"
"dvmbas5","1"
"cocksvck3r","1"
"kokk$ukker","1"
"mo7h3rfuck3r","1"
"m07h3rfukk","1"
"f@ggot","1"
"d1ckhe4d","1"
"j@kka5$","1"
"bi7kh@5s","1"
"m0th3rfvkk3r","1"
"m0th3rfucker","1"
"dumb4ss","1"
"5lu7","1"
"pv$$y","1"
"k0ck$vkker","1"
"faggo7","1"
"b!7kh","1"
"b4$7@rd","1"
"fvckf@ce","1"
"assh0l3","1"
"dumb@55","1"
"$hi7","1"
"b17kh455","1"
"dipsh!t","1"
"45$hol3","1"
"prick","1"
"faggot","1"
"cokk$ucker","1"
"d1p$h!t","1"
"m0th3rfvck","1"
"7w@t","1"
"bvllshit","1"
"b!tkh","1"
"mo7herfvck","1"
"b17kh@$5","1"
"5h177y","1"
"bull5h!7","1"
"kvn7","1"
"jack@s5","1"
"b!7ch","1"
"motherfukker","1"
"m0therfvkker","1"
"b4574rd","1"
"b17kha$s","1"
"@$5h0le","1"
"b1tcha$$","1"
"dovkhe","1"
"pus$y","1"
"wh0re","1"
"pv5$y","1"
"b1tkh45s","1"
"tw47","1"
"kock","1"
"dumba5s","1"
"j4cka$5","1"
"b@574rd","1"
"b!tcha$s","1"
"fuckface","1"
"dvmba$$","1"
"twa7","1"
"dickh34d","1"
"d1kkhe@d","1"
"d1ckh3ad","1"
"cock","1"
"$h!t7y","1"
"fukkf4ke","1"
"j4kka$5","1"
"fvkkf@ce","1"
"dumba$s","1"
"d1psh!7","1"
"pussy","1"
"j@ck@s5","1"
"d1psh1t","1"
"b@s7ard","1"
"a5$h0le","1"
"m0therfvck3r","1"
"bas7@rd","1"
"bitkh","1"
"@5$hol3","1"
"m07herfukker","1"
"kock$vck3r","1"
"motherfvkker","1"
"jakka5s","1"
"b17cha$s","1"
"bitcha$5","1"
"kokksvkk3r","1"
"b!tch@5$","1"
"j4ckas$","1"
"bull5hi7","1"
"pv$sy","1"
"mo7h3rfvkker","1"
"4sshol3","1"
"dvmba55","1"
"d!ck","1"
"shit","1"
"j@ck@$s","1"
"bvll$h17","1"
"dvmb@55","1"
"@sshol3","1"
"b@stard","1"
"$h17ty","1"
"fuck3r","1"
"bvll$h!t","1"
"ba5t4rd","1"
"a55h0l3","1"
"motherfukk","1"
"slvt","1"
"$h17","1"
"cokk$vck3r","1"
"k0kk","1"
"bi7ch@$5","1"
"ba$7ard","1"
"fvkk","1"
"d1psh!t","1"
"k0ck$vck3r","1"
"bi7kh@55","1"
"bvll5h1t","1"
"sh!7","1"
"kun7","1"
"c0ck5ukk3r","1"
"jack@5s","1"
"fukkfak3","1"
"doukh3","1"
"bvll5hit","1"
"b17kh4$5","1"
"mo7herfuck","1"
"5hi7","1"
"c0ck","1"
"n!gger","1"
"moth3rfuck","1"
"$h1t","1"
"j4ck@ss","1"
"j@kk@55","1"
"dickhead","1"
"d0vkh3","1"
"b1tch@s5","1"
"pvs5y","1"
"d!ckhe4d","1"
"dikk","1"
"asshole","1"
"j4kk4s5","1"
"n1gg3r","1"
"fukkf@k3","1"
"ba$74rd","1"
"d!psh!t","1"
"fvkkf@k3","1"
"kock5ukker","1"
"cunt","1"
"b17kha$5","1"
"b@$t@rd","1"
"dovche","1"
"kokk5vkk3r","1"
"fvkker","1"
"m0th3rfvkker","1"
"a$5h0le","1"
"j4kk@$5","1"
"bitchass","1"
"kokk","1"
"dip$h!t","1"
"d!ckh34d","1"
"kunt","1"
"m0th3rfvcker","1"
"bullshit","1"
"bitch4ss","1"
"fvkkf4ke","1"
"shi7","1"
"fvckfake","1"
"cocksucker","1"
"d!kkhe4d","1"
"dumb@$5","1"
"jack@55","1"
"dip5h!t","1"
"cokk","1"
"sh17ty","1"
"$hi7ty","1"
"d0uch3","1"
"w@nker","1"
"dumb4s$","1"
"j4ck@$$","1"
"b45t@rd","1"
"$hitty","1"
"bvll$hi7","1"
"cokk$vkker","1"
"b!7khass","1"
"pr!ck","1"
"7wa7","1"
"cock5ucker","1"
"n1gger","1"
"pvs$y","1"
"$lvt","1"
"k0kk5vkker","1"
"pu5sy","1"
"dip$h!7","1"
"sh177y","1"
"tw@t","1"
"ret@rd","1"
"c0ck$vkk3r","1"
"d!pshi7","1"
"5lv7","1"
"b1tkh","1"
"d1p$h!7","1"
"d0vkhe","1"
"moth3rfvck","1"
"b!tkha5s","1"
"bi7ch","1"
"bvllsh!t","1"
"ba5t@rd","1"
"slu7","1"
"dip5h1t","1"
"7wat","1"
"b4st@rd","1"
"k0kk$ukker","1"
"b1tch4s5","1"
"4$5h0le","1"
"d1kkh3@d","1"
"j4kkas5","1"
"moth3rfvck3r","1"
"m07herfvkk","1"
"b!tch4$s","1"
"k0ck","1"
"jackass","1"
"j4kk4s$","1"
"bull5hit","1"
"fuckfac3","1"
"d!p5h!t","1"
"fvckf@c3","1"
"b17cha$$","1"
"7w47","1"
"pv55y","1"
"f4ggo7","1"
"bvllshi7","1"
"dvmb@s$","1"
"moth3rfvkker","1"
"dick","1"
"r374rd","1"
"d0ukhe","1"
"pu5$y","1"
"jakkass","1"
"jack4$5","1"
"pu$$y","1"
"j@ck455","1"
"m0therfukk","1"
"bi7ch4$$","1"
"fuckf@ke","1"
"f@gg0t","1"
"a$shol3","1"
"$lv7","1"
"d1ckhe@d","1"
"b@5t4rd","1"
"7w4t","1"
"$hit","1"
"fuck","1"
"whore","1"
"fagg0t","1"
"bitcha$$","1"
"m07h3rfvck3r","1"
"a$$hole","1"
"k0kk$ukk3r","1"
"douch3","1"
"fukkface","1"
"b17ch@ss","1"
"j@kka$s","1"
"doukhe","1"
"d1p5h1t","1"
"cock$ukk3r","1"
"j4ck@s$","1"
"m07herfvck","1"
"cvn7","1"
"fukkf4k3","1"
"dickh3@d","1"
"j@kk@$5","1"
"j4kk4$s","1"
"5h17ty","1"
"@s5h0le","1"
"dikkh3ad","1"
"b17ch@5$","1"
"c0cksucker","1"
"dumb45s","1"
"wh0r3","1"
"bullsh!t","1"
"j@kk@$$","1"
"fuckfak3","1"
"dvmba5s","1"
"mo7herfvkk3r","1"
"slut","1"
"c0kksvkk3r","1"
"fukker","1"
"d1p$h1t","1"
"dip5h!7","1"
"dickhe4d","1"
"@$sh0l3","1"
"pvssy","1"
"fvckf@k3","1"
"dumb4$$","1"
"r37@rd","1"
"bvllsh!7","1"
"a5$hole","1"
"r3tard","1"
"b4$tard","1"
"cokk5vcker","1"
"b17kh@$s","1"
"cvnt","1"
"d!pshit","1"
"bi7ch@ss","1"
"d!ckh3@d","1"
"a$5h0l3","1"
"k0kk5vcker","1"
"fagg07","1"
"b@$7ard","1"
"bi7cha5$","1"
"k0ck$uck3r","1"
"@55hole","1"
"dvmb@$$","1"
"45sh0le","1"
"b!7kh4s$","1"
"@5shol3","1"
"ba57@rd","1"
"wanker","1"
"kvnt","1"
"m0th3rfuck3r","1"
"pus5y","1"
"@$5hol3","1"
"dumb@s5","1"
"cokk5vck3r","1"
"dvmb455","1"
"tw@7","1"
"4$5h0l3","1"
"fvkkf4k3","1"
"slv7","1"
"b@s7@rd","1"
"j@ck45$","1"
"dvmb4s$","1"
"b!7kh@s5","1"
"fukk","1"
"4ssh0le","1"
"5hitty","1"
"re74rd","1"
"bull$h17","1"
"fvck","1"
"bull$hit","1"
"$lu7","1"
"d!ckh3ad","1"
"5h!7","1"
"a5sh0le","1"
"d!kkhe@d","1"
"j4ckass","1"
"j@ckas$","1"
"dikkh34d","1"
"dvmb4$5","1"
"nigg3r","1"
"kock5vkk3r","1"
"5h!tty","1"
"d!p5hi7","1"
"shit7y","1"
"j@kk4$5","1"
"dvmb45s","1"
"nigger","1"
"dumba5$","1"
"dumba55","1"
"bastard","1"
"cokk5vkker","1"
"b!tch","1"
"d1kk","1"
"cun7","1"
"bvll5h!7","1"
"b@$7@rd","1"
"@$$h0le","1"
"kock5ucker","1"
"jack4$s","1"
"fvkkfak3","1"
"douche","1"
"shitty","1"
"dumb@ss","1"
"d!kk","1"
"kock5vkker","1"
"w@nk3r","1"
"bi7kh","1"
"fvkkfake","1"
"5h17","1"
"mo7h3rfukk","1"
"m07h3rfvkk","1"
"ret4rd","1"
"pu$5y","1"
"pu55y","1"
"@sshole","1"
"b@57ard","1"
"bitch@s5","1"
"dumb@5$","1"
"j4kk45s","1"
"m0therfvkk","1"
"sh17","1"
"d!kkhead","1"
"m07h3rfukk3r","1"
"b45tard","1"
"d0uche","1"
"moth3rfukk3r","1"
"dumb45$","1"
"dip5hit","1"
"b!tcha5$","1"
"m07h3rfvkk3r","1"
"c0kksvcker","1"
"m07h3rfvcker","1"
"f@ggo7","1"
"b!tkh@$$","1"
"bvll$h1t","1"
"re7@rd","1"
"ba$7@rd","1"
"5hit","1"
"kocksvkker","1"
"dipshi7","1"
"bitch@$s","1"
"fvckface","1"
"a5$hol3","1"
"dvmb@$5","1"
"motherfvck3r","1"
"as$hole","1"
"a$$h0le","1"
"retard","1"
"k0ck$vkk3r","1"
"d1p5hit","1"
"5lvt","1"
"bitch","1"
"5h1t7y","1"
"fukkfake","1"
"shi7ty","1"
"5h!t","1"
"bitch@5s","1"
"fvck3r","1"
"dikkhe@d","1"
"pr!kk","1"
"5h1tty","1"
"b@st@rd","1"
"bullshi7","1"
"b!7kh@5s","1"
"fvcker","1"
"7w@7","1"
"m0th3rfvck3r","1"
"k0cksukk3r","1"
"bvll$hit","1"
"j@kka$$","1"
"b4s7@rd","1"
"dovkh3","1"
"d!p$hi7","1"
"b!7ch4ss","1"
"5h!77y","1"
"assh0le","1"
"sh1t","1"
"k0kksvcker","1"
"jakkas$","1"
"c0kk","1"
"dip$h1t","1"
"j@ckas5","1"
"kokksvkker","1"
"fuckf4k3","1"
"4$shol3","1"
"m07h3rfucker","1"
"r37ard","1"
"dickhe@d","1"
"bitkhas$","1"
"j4cka$s","1"
"b4st4rd","1"
"b@$t4rd","1"
"b457@rd","1"
"moth3rfucker","1"
"b!7cha5s","1"
"d0vche","1"
"jackas5","1"
"d1p$hi7","1"
"fukkf4c3","1"
"dumb455","1"
"motherfvck","1"
"@$sh0le","1"
"k0cksuck3r","1"
"$hit7y","1"
"ba$t4rd","1"
"fvkkf4ce","1"
"bas74rd","1"
"f@gg07","1"
"fukk3r","1"
"$h177y","1"
"j4kk@$$","1"
"b17kh","1"
"n!gg3r","1"
"jack4s5","1"
"f4ggot","1"
"w4nker","1"
"m07herfukk3r","1"
"dvmb@s5","1"
"$h!77y","1"
"455h0le","1"
"fvkkface","1"
"b17khas5","1"
"c0ck$vkker","1"
"d!kkh3@d","1"
"bvll5h!t","1"
"kock$ukk3r","1"
"twat","1"
"bast4rd","1"
"fvkk3r","1"
"d1kkh34d","1"
"kokk5ucker","1"
"45$hole","1"
"moth3rfvcker","1"
"k0kk$vck3r","1"
"dipshit","1"
"motherfucker","1"
"tw4t","1"
"j@ck@ss","1"
"5hi77y","1"
"fuckfake","1"
"mo7h3rfvkk","1"
"b17kh4s5","1"
"fukkf@ce","1"
"@$$hol3","1"
"bitkh@s$","1"
"d1pshit","1"
"fuckf4ce","1"
"d!kkh34d","1"
"dumbass","1"
"m0therfukker","1"
"b4$7ard","1"
"c0ck5vck3r","1"
"j@ck4ss","1"
"d1psh17","1"
"pr1kk","1"
"bull$hi7","1"
"m0th3rfukk","1"
"shi77y","1"
"b!7ch@5s","1"
"f4gg07","1"
"r3t4rd","1"
"whor3","1"
"$lut","1"
"dumb@5s","1"
"d!kkh3ad","1"
"fvckfac3","1"
"w4nk3r","1"
"m07herfucker","1"
"d1p5h!t","1"
"b!7ch45s","1"
"kocksvkk3r","1"
"455hole","1"
"m0therfvkk3r","1"
"dumba$5","1"
"$h!7ty","1"
"moth3rfukk","1"
"mo7herfvkk","1"
"dip$h17","1"
"dukan peace","0"
"aur sunao my apologies","0"
"pyaar jigri","0"
"nahi","0"
"perhaps movie","0"
"music please","0"
"kaise it's okay","0"
"pardon me","0"
"kal salam","0"
"you're welcome bhai","0"
"what pardon me","0"
"kya baat hai goodbye","0"
"spot on good job","0"
"see you later","0"
"chawal kya hua","0"
"jee no problem","0"
"khuda hafiz water","0"
"alhamdulillah awesome","0"
"office school","0"
"please art","0"
"nahi spot on","0"
"bazar happiness","0"
"movie ghar","0"
"kyun office","0"
"spot on","0"
"dost which","0"
"all good yes","0"
"mohabbat shukriya","0"
"kyaa haal hai shabash","0"
"dost chai","0"
"goodbye nature","0"
"khuda hafiz sab theek","0"
"jeete raho excellent","0"
"so true happy birthday","0"
"pardon me love","0"
"love see you later","0"
"education behtareen","0"
"sorry jigri","0"
"have a good day movie","0"
"meherbani","0"
"see you later sorry","0"
"school jigri","0"
"zindabad joy","0"
"muzrat subhanallah","0"
"inshallah inshallah","0"
"kaisa chal raha hai nice to meet you","0"
"aaj brilliant","0"
"sab theek school","0"
"no problem phir milenge","0"
"nahi knowledge","0"
"great kafi","0"
"education","0"
"which kamal","0"
"art rotih","0"
"brilliant dost","0"
"kaisa chal raha hai bhai","0"
"interesting kuch nahi","0"
"chawal wonderful","0"
"music","0"
"yes bye","0"
"zabardast jigri","0"
"sab theek education","0"
"kese ho zindabad","0"
"interesting family","0"
"meherbani congratulations","0"
"nature bazar","0"
"great sab theek ho jayega","0"
"spot on when","0"
"zindabad aabad raho","0"
"behtareen beautiful","0"
"behtareen kese ho","0"
"love happiness","0"
"kyaa haal hai certainly","0"
"how bilkul","0"
"love excuse me","0"
"what mohabbat","0"
"khush raho certainly","0"
"keep it up raat","0"
"haan kuch nahi","0"
"shukriya smile","0"
"school jeete raho","0"
"i agree haan","0"
"raat wonderful","0"
"haan which","0"
"khoobsurat peace","0"
"water kuch nahi","0"
"certainly kafi","0"
"kuch nahi pardon me","0"
"parso bahut khoob","0"
"shabash ghar","0"
"fantastic kese ho","0"
"zabardast khana","0"
"which excellent","0"
"where pyaar","0"
"bohat ala aabad raho","0"
"you're welcome have a good day","0"
"nahi have a good day","0"
"definitely chawal","0"
"good morning where","0"
"why","0"
"assalamualaikum","0"
"maaf karna ghar","0"
"zindabad how","0"
"i love this college","0"
"shaam have a good day","0"
"peace book","0"
"mohabbat chai","0"
"aaj kya hua","0"
"theek inshallah","0"
"behtareen pardon me","0"
"that makes sense perhaps","0"
"bye wonderful","0"
"kya baat hai kyaa haal hai","0"
"acha muzrat","0"
"no problem sunshine","0"
"thanks mohabbat","0"
"please happiness","0"
"interesting good morning","0"
"learning zabardast","0"
"yaar hi","0"
"yaar khoobsurat","0"
"bhai","0"
"fikar na karo good job","0"
"kya hua","0"
"school phir milenge","0"
"cheers don't worry","0"
"kya baat hai chai","0"
"khuda hafiz kamal","0"
"koi masla nahi music","0"
"kaise shaam","0"
"food excuse me","0"
"behtareen rotih","0"
"interesting sure thing","0"
"beautiful koi masla nahi","0"
"fikar na karo","0"
"dua me yaad rakhna shaam","0"
"rotih which","0"
"pyaar","0"
"love please","0"
"khoobsurat","0"
"thank you well done","0"
"bohat ala allah hafiz","0"
"mohabbat don't worry","0"
"amazing","0"
"awesome jazakallah","0"
"phir milenge keep it up","0"
"jee khana","0"
"jee definitely","0"
"koi baat nahi amazing","0"
"behtareen happiness","0"
"keep it up bahut khoob","0"
"joy keep it up","0"
"love maybe","0"
"kya baat hai chawal","0"
"definitely sorry","0"
"zindabad fantastic","0"
"good evening sorry","0"
"amazing raat","0"
"good job chai","0"
"sab theek all good","0"
"happiness jigri","0"
"jee excellent","0"
"goodbye no","0"
"why kafi","0"
"kuch nahi so true","0"
"khana perhaps","0"
"happy birthday kuch nahi","0"
"i love this mashallah","0"
"when amazing","0"
"subah salam","0"
"rotih thank you","0"
"bhai who","0"
"who great","0"
"wonderful please","0"
"dua me yaad rakhna raat","0"
"kab cheers","0"
"peace kamal","0"
"shukriya kal","0"
"kahan spot on","0"
"great exactly","0"
"that makes sense i love this","0"
"how","0"
"ghar haan","0"
"pani how are you","0"
"kya baat hai who","0"
"jigri zabardast","0"
"hi perhaps","0"
"koi baat nahi sorry","0"
"kaun","0"
"aaj koi masla nahi","0"
"perhaps no","0"
"bazar bahut khoob","0"
"perhaps koi masla nahi","0"
"kamal dukan","0"
"spot on jigri","0"
"pani yes","0"
"pyaar definitely","0"
"koi baat nahi","0"
"how are you why","0"
"phir milenge that makes sense","0"
"kaun this is so cool","0"
"inshallah so true","0"
"theek shabash","0"
"good job","0"
"sab theek ho jayega music","0"
"pardon me jigri","0"
"rotih fikar na karo","0"
"school khush raho","0"
"maybe beautiful","0"
"so true music","0"
"beautiful dua me yaad rakhna","0"
"bohat ala kyun","0"
"hello alhamdulillah","0"
"bazar no problem","0"
"sab theek ho jayega khush raho","0"
"bye education","0"
"when","0"
"hello khoobsurat","0"
"parso excellent","0"
"certainly jazakallah","0"
"this is so cool yaar","0"
"rotih nature","0"
"sorry friend","0"
"zindabad music","0"
"dost kya hua","0"
"brilliant pardon me","0"
"chai learning","0"
"book cheers","0"
"sure thing rotih","0"
"water khush raho","0"
"acha please","0"
"khoobsurat aabad raho","0"
"love certainly","0"
"good evening which","0"
"kya baat hai phir milenge","0"
"my apologies aaj","0"
"school have a good day","0"
"jigri bye","0"
"subah please","0"
"hello bhai","0"
"kyaa haal hai meherbani","0"
"raat no","0"
"awesome","0"
"kal shaam","0"
"which yaar","0"
"my apologies book","0"
"jee koi masla nahi","0"
"how amazing","0"
"pyaar bilkul","0"
"how are you no problem","0"
"it's okay maaf karna","0"
"nice to meet you bilkul","0"
"good job zabardast","0"
"exactly movie","0"
"koi masla nahi pardon me","0"
"yaar excuse me","0"
"bohat ala that makes sense","0"
"dua me yaad rakhna education","0"
"this is so cool maybe","0"
"khana kahan","0"
"pani","0"
"sab theek shukriya","0"
"kaisa chal raha hai","0"
"khush raho bohat ala","0"
"interesting","0"
"joy education","0"
"koi masla nahi exactly","0"
"cheers subah","0"
"happy birthday","0"
"sab theek peace","0"
"friend have a good day","0"
"kya baat hai please","0"
"don't worry muzrat","0"
"khana jigri","0"
"cheers kahan","0"
"kafi pardon me","0"
"school you're welcome","0"
"shukriya pyaar","0"
"wonderful office","0"
"i agree chawal","0"
"salam goodbye","0"
"maaf karna where","0"
"beautiful why","0"
"allah hafiz dua me yaad rakhna","0"
"zabardast dua me yaad rakhna","0"
"chai kahan","0"
"haan bhai","0"
"dua me yaad rakhna have a good day","0"
"kese ho behtareen","0"
"kamal water","0"
"fantastic","0"
"game kya ho raha hai","0"
"kab friend","0"
"game bilkul","0"
"i agree knowledge","0"
"game","0"
"acha maaf karna","0"
"i love this raat","0"
"salam khana","0"
"i love this take care","0"
"exactly bohat ala","0"
"definitely art","0"
"who khana","0"
"brilliant","0"
"excellent mohabbat","0"
"shukriya","0"
"thanks wonderful","0"
"pardon me nahi","0"
"when koi baat nahi","0"
"that makes sense kal","0"
"no perhaps","0"
"that makes sense salam","0"
"that makes sense this is so cool","0"
"shabash book","0"
"why wonderful","0"
"why office","0"
"zindabad certainly","0"
"bazar kuch nahi","0"
"kyaa haal hai have a good day","0"
"college dost","0"
"pardon me good job","0"
"water kab","0"
"excellent which","0"
"thanks science","0"
"have a good day","0"
"kya hua chawal","0"
"science beautiful","0"
"that makes sense excuse me","0"
"food fantastic","0"
"dost i love this","0"
"kaise","0"
"good evening koi baat nahi","0"
"excellent parso","0"
"kafi so true","0"
"assalamualaikum certainly","0"
"please this is so cool","0"
"kafi dukan","0"
"peace how are you","0"
"inshallah happy birthday","0"
"khoobsurat it's okay","0"
"good evening when","0"
"fikar na karo please","0"
"art no problem","0"
"why how","0"
"kafi all good","0"
"school cheers","0"
"parso","0"
"i love this happy birthday","0"
"meherbani dost","0"
"shukriya nahi","0"
"kese ho alhamdulillah","0"
"how are you nice to meet you","0"
"art take care","0"
"khush raho inshallah","0"
"congratulations","0"
"interesting interesting","0"
"yaar take care","0"
"how zindabad","0"
"kaise thank you","0"
"thanks interesting","0"
"water beautiful","0"
"good morning great","0"
"nice to meet you nahi","0"
"game please","0"
"food","0"
"knowledge when","0"
"school no problem","0"
"bhai dua me yaad rakhna","0"
"good job good job","0"
"meherbani excuse me","0"
"college hello","0"
"dua me yaad rakhna exactly","0"
"yes perhaps","0"
"kal thanks","0"
"cheers sunshine","0"
"you're welcome khoobsurat","0"
"koi baat nahi fantastic","0"
"no","0"
"pyaar jeete raho","0"
"friend nature","0"
"how are you when","0"
"don't worry jeete raho","0"
"theek acha","0"
"bhai bohat ala","0"
"peace when","0"
"sure thing chai","0"
"sorry nahi","0"
"happy birthday that makes sense","0"
"muzrat which","0"
"shabash salam","0"
"sab theek exactly","0"
"who maaf karna","0"
"family kal","0"
"nice to meet you sab theek ho jayega","0"
"beautiful all good","0"
"food phir milenge","0"
"bye","0"
"amazing so true","0"
"have a good day joy","0"
"shukriya movie","0"
"amazing learning","0"
"smile sunshine","0"
"kab maaf karna","0"
"jazakallah chai","0"
"well done certainly","0"
"art smile","0"
"sunshine beautiful","0"
"excuse me perhaps","0"
"school","0"
"sab theek good evening","0"
"bye yes","0"
"why zabardast","0"
"congratulations nature","0"
"jeete raho kaise","0"
"ghar wonderful","0"
"bilkul hello","0"
"great good evening","0"
"jee","0"
"where so true","0"
"bhai good morning","0"
"learning happiness","0"
"how are you don't worry","0"
"education bohat ala","0"
"kuch nahi love","0"
"sorry kahan","0"
"acha salam","0"
"sorry bye","0"
"assalamualaikum maaf karna","0"
"certainly","0"
"sab theek pyaar","0"
"fantastic subah","0"
"goodbye hi","0"
"perhaps my apologies","0"
"learning","0"
"brilliant education","0"
"phir milenge thanks","0"
"why i agree","0"
"ghar bohat ala","0"
"music bilkul","0"
"learning movie","0"
"my apologies food","0"
"pyaar zabardast","0"
"cheers cheers","0"
"chawal theek","0"
"excuse me kyun","0"
"khoobsurat subah","0"
"don't worry aabad raho","0"
"jee phir milenge","0"
"dua me yaad rakhna happiness","0"
"definitely","0"
"no problem that makes sense","0"
"movie wonderful","0"
"joy brilliant","0"
"i love this dua me yaad rakhna","0"
"game kaise","0"
"khana hi","0"
"khuda hafiz kya ho raha hai","0"
"wonderful","0"
"aabad raho","0"
"sab theek ho jayega jigri","0"
"mohabbat","0"
"mashallah fikar na karo","0"
"mohabbat knowledge","0"
"cheers great","0"
"when subhanallah","0"
"maaf karna","0"
"theek fantastic","0"
"shaam","0"
"pani behtareen","0"
"learning kese ho","0"
"college","0"
"thanks","0"
"rotih school","0"
"movie","0"
"phir milenge smile","0"
"great hi","0"
"jeete raho well done","0"
"pani zabardast","0"
"knowledge sab theek","0"
"this is so cool dua me yaad rakhna","0"
"yes beautiful","0"
"kya hua allah hafiz","0"
"phir milenge yes","0"
"how kya hua","0"
"sab theek amazing","0"
"peace khoobsurat","0"
"see you later chai","0"
"jigri it's okay","0"
"hi shaam","0"
"fantastic no problem","0"
"chai chai","0"
"inshallah smile","0"
"school good job","0"
"game take care","0"
"hello who","0"
"muzrat fikar na karo","0"
"jazakallah khoobsurat","0"
"jeete raho subah","0"
"it's okay","0"
"i love this i love this","0"
"zindabad definitely","0"
"love kaun","0"
"awesome it's okay","0"
"jeete raho yaar","0"
"bazar it's okay","0"
"maybe bazar","0"
"acha sure thing","0"
"maybe learning","0"
"chawal","0"
"pani why","0"
"thanks keep it up","0"
"have a good day koi masla nahi","0"
"mohabbat acha","0"
"happiness aaj","0"
"knowledge bahut khoob","0"
"school pani","0"
"sunshine sorry","0"
"shaam love","0"
"goodbye pani","0"
"subhanallah food","0"
"it's okay thank you","0"
"bazar","0"
"bazar who","0"
"awesome book","0"
"brilliant how","0"
"allah hafiz sunshine","0"
"knowledge maybe","0"
"education kaise","0"
"which excuse me","0"
"game kab","0"
"nice to meet you","0"
"joy","0"
"kuch nahi brilliant","0"
"knowledge bohat ala","0"
"good evening khuda hafiz","0"
"thanks book","0"
"knowledge alhamdulillah","0"
"learning phir milenge","0"
"yes kaisa chal raha hai","0"
"kahan koi baat nahi","0"
"art it's okay","0"
"beautiful when","0"
"book sunshine","0"
"nature knowledge","0"
"kya baat hai","0"
"science jeete raho","0"
"dua me yaad rakhna awesome","0"
"school subhanallah","0"
"subah bhai","0"
"beautiful alhamdulillah","0"
"pyaar all good","0"
"thanks bhai","0"
"beautiful that makes sense","0"
"dost beautiful","0"
"congratulations koi masla nahi","0"
"koi masla nahi that makes sense","0"
"kyaa haal hai so true","0"
"exactly","0"
"sorry pardon me","0"
"kya ho raha hai when","0"
"koi baat nahi definitely","0"
"water","0"
"how kya ho raha hai","0"
"bahut khoob bahut khoob","0"
"exactly please","0"
"it's okay college","0"
"great kya hua","0"
"food kaun","0"
"parso thanks","0"
"excellent chai","0"
"peace","0"
"koi masla nahi sab theek","0"
"please kuch nahi","0"
"subhanallah hello","0"
"how bye","0"
"definitely pani","0"
"certainly bahut khoob","0"
"haan theek","0"
"joy mohabbat","0"
"no khoobsurat","0"
"family exactly","0"
"certainly water","0"
"koi masla nahi who","0"
"learning parso","0"
"kafi mohabbat","0"
"friend fantastic","0"
"music jeete raho","0"
"cheers sab theek","0"
"zabardast","0"
"it's okay nice to meet you","0"
"thank you allah hafiz","0"
"bahut khoob","0"
"hi aaj","0"
"pyaar game","0"
"science bazar","0"
"nice to meet you haan","0"
"kal this is so cool","0"
"food kahan","0"
"please smile","0"
"thanks hi","0"
"yes aabad raho","0"
"definitely ghar","0"
"sure thing khana","0"
"sure thing assalamualaikum","0"
"subah education","0"
"nice to meet you peace","0"
"salam sorry","0"
"bohat ala sunshine","0"
"movie shaam","0"
"kya hua perhaps","0"
"joy which","0"
"shabash","0"
"cheers bohat ala","0"
"parso congratulations","0"
"kaisa chal raha hai pyaar","0"
"cheers khuda hafiz","0"
"kese ho where","0"
"raat amazing","0"
"brilliant my apologies","0"
"chawal ghar","0"
"take care khush raho","0"
"fikar na karo dua me yaad rakhna","0"
"friend","0"
"yaar","0"
"bilkul college","0"
"don't worry subah","0"
"kuch nahi khush raho","0"
"shabash knowledge","0"
"music theek","0"
"khush raho sab theek","0"
"raat pani","0"
"bye thanks","0"
"yaar zabardast","0"
"all good peace","0"
"nahi take care","0"
"phir milenge mohabbat","0"
"kal khuda hafiz","0"
"mashallah subah","0"
"keep it up how","0"
"my apologies","0"
"college kahan","0"
"sorry theek","0"
"see you later happy birthday","0"
"nice to meet you subah","0"
"bazar that makes sense","0"
"you're welcome sab theek ho jayega","0"
"sab theek ho jayega spot on","0"
"aabad raho kahan","0"
"zindabad smile","0"
"which food","0"
"raat hi","0"
"dua me yaad rakhna nahi","0"
"knowledge muzrat","0"
"khana smile","0"
"good evening bohat ala","0"
"happy birthday jigri","0"
"which","0"
"spot on meherbani","0"
"sure thing good job","0"
"khoobsurat kyaa haal hai","0"
"fantastic interesting","0"
"haan khush raho","0"
"ghar good morning","0"
"kya ho raha hai haan","0"
"perhaps mohabbat","0"
"kese ho yaar","0"
"yes have a good day","0"
"please allah hafiz","0"
"khana kamal","0"
"shabash yes","0"
"excuse me food","0"
"no you're welcome","0"
"book khush raho","0"
"who thank you","0"
"pyaar subah","0"
"amazing aur sunao","0"
"chai good morning","0"
"no no problem","0"
"inshallah yaar","0"
"bahut khoob learning","0"
"my apologies family","0"
"nature kyaa haal hai","0"
"good evening perhaps","0"
"school sure thing","0"
"well done sunshine","0"
"goodbye","0"
"my apologies bhai","0"
"aaj kuch nahi","0"
"kya ho raha hai where","0"
"sab theek ho jayega well done","0"
"alhamdulillah education","0"
"i agree zindabad","0"
"brilliant this is so cool","0"
"certainly brilliant","0"
"smile alhamdulillah","0"
"it's okay beautiful","0"
"game office","0"
"i love this book","0"
"rotih","0"
"sunshine awesome","0"
"why where","0"
"zindabad pardon me","0"
"good job my apologies","0"
"ghar have a good day","0"
"assalamualaikum amazing","0"
"how i agree","0"
"bye you're welcome","0"
"kab subah","0"
"salam art","0"
"wonderful certainly","0"
"kaun college","0"
"college awesome","0"
"aaj dukan","0"
"knowledge no","0"
"joy thanks","0"
"yes pardon me","0"
"cheers","0"
"art chawal","0"
"allah hafiz kaise","0"
"yes","0"
"cheers mohabbat","0"
"water acha","0"
"excellent joy","0"
"kuch nahi pani","0"
"take care mashallah","0"
"who game","0"
"jazakallah","0"
"sunshine sab theek ho jayega","0"
"you're welcome excuse me","0"
"please","0"
"great","0"
"kafi","0"
"i love this yes","0"
"kya hua sab theek ho jayega","0"
"jazakallah have a good day","0"
"no problem my apologies","0"
"wonderful joy","0"
"pyaar jee","0"
"good morning keep it up","0"
"phir milenge","0"
"alhamdulillah sure thing","0"
"meherbani joy","0"
"art yaar","0"
"koi masla nahi good job","0"
"no pani","0"
"dost sure thing","0"
"yaar food","0"
"happy birthday pardon me","0"
"kal take care","0"
"meherbani science","0"
"dua me yaad rakhna jigri","0"
"muzrat perhaps","0"
"maybe school","0"
"peace where","0"
"kaisa chal raha hai raat","0"
"beautiful chai","0"
"sab theek dua me yaad rakhna","0"
"kya baat hai have a good day","0"
"allah hafiz goodbye","0"
"aur sunao pardon me","0"
"bohat ala bhai","0"
"kya baat hai cheers","0"
"so true bye","0"
"koi baat nahi phir milenge","0"
"kaun brilliant","0"
"kuch nahi pyaar","0"
"what maybe","0"
"joy that makes sense","0"
"assalamualaikum chai","0"
"yes thanks","0"
"muzrat nahi","0"
"who sab theek ho jayega","0"
"fikar na karo muzrat","0"
"keep it up good evening","0"
"how are you khoobsurat","0"
"well done aabad raho","0"
"khush raho thank you","0"
"don't worry chai","0"
"all good smile","0"
"haan when","0"
"wonderful koi baat nahi","0"
"kab behtareen","0"
"alhamdulillah zabardast","0"
"sorry chawal","0"
"interesting jigri","0"
"what kafi","0"
"science","0"
"sorry khana","0"
"kyun","0"
"subah","0"
"subah maaf karna","0"
"maaf karna smile","0"
"shaam all good","0"
"keep it up khoobsurat","0"
"love mashallah","0"
"peace nice to meet you","0"
"congratulations have a good day","0"
"kese ho","0"
"kuch nahi","0"
"awesome bazar","0"
"science perhaps","0"
"no problem chai","0"
"kya baat hai college","0"
"when perhaps","0"
"beautiful thank you","0"
"alhamdulillah love","0"
"kal dukan","0"
"well done","0"
"good evening kahan","0"
"sunshine great","0"
"kaun excellent","0"
"kese ho wonderful","0"
"where where","0"
"when alhamdulillah","0"
"well done smile","0"
"sab theek ho jayega nice to meet you","0"
"book","0"
"rotih exactly","0"
"love no problem","0"
"game inshallah","0"
"dukan family","0"
"behtareen","0"
"maaf karna shukriya","0"
"jigri kahan","0"
"what shaam","0"
"bye khuda hafiz","0"
"office kya baat hai","0"
"i agree school","0"
"kal nice to meet you","0"
"jigri bilkul","0"
"no problem","0"
"food where","0"
"what","0"
"cheers how","0"
"khoobsurat where","0"
"shabash bohat ala","0"
"jigri aabad raho","0"
"what take care","0"
"khush raho amazing","0"
"sure thing smile","0"
"jigri bahut khoob","0"
"good evening meherbani","0"
"nature","0"
"when good evening","0"
"when dukan","0"
"acha kyun","0"
"mohabbat i agree","0"
"that makes sense kya ho raha hai","0"
"all good where","0"
"pyaar fantastic","0"
"parso you're welcome","0"
"art ghar","0"
"aur sunao good job","0"
"aabad raho please","0"
"thank you what","0"
"koi baat nahi great","0"
"dukan keep it up","0"
"bohat ala learning","0"
"mashallah chawal","0"
"bohat ala zindabad","0"
"pani chawal","0"
"i agree acha","0"
"have a good day kamal","0"
"khuda hafiz alhamdulillah","0"
"muzrat raat","0"
"so true smile","0"
"yes certainly","0"
"smile","0"
"goodbye art","0"
"hello learning","0"
"water pyaar","0"
"kaise jeete raho","0"
"i agree certainly","0"
"love kaise","0"
"please subah","0"
"chawal sure thing","0"
"haan pani","0"
"science bahut khoob","0"
"kab smile","0"
"hi","0"
"great sab theek","0"
"all good cheers","0"
"maybe college","0"
"kese ho inshallah","0"
"hi no problem","0"
"phir milenge perhaps","0"
"sorry dost","0"
"mashallah when","0"
"kese ho office","0"
"kafi bohat ala","0"
"kya ho raha hai","0"
"have a good day no problem","0"
"mashallah","0"
"fikar na karo thanks","0"
"dost inshallah","0"
"so true kya hua","0"
"where","0"
"bilkul raat","0"
"aabad raho good evening","0"
"movie school","0"
"love","0"
"aabad raho hello","0"
"acha nahi","0"
"how are you","0"
"theek shaam","0"
"kaisa chal raha hai sure thing","0"
"jee music","0"
"kaisa chal raha hai sorry","0"
"ghar this is so cool","0"
"friend you're welcome","0"
"khoobsurat dukan","0"
"excellent pyaar","0"
"sure thing sab theek ho jayega","0"
"see you later pani","0"
"my apologies i love this","0"
"where how","0"
"book kuch nahi","0"
"kya ho raha hai mohabbat","0"
"chawal what","0"
"spot on cheers","0"
"ghar","0"
"who wonderful","0"
"certainly dost","0"
"muzrat science","0"
"no excuse me","0"
"kafi that makes sense","0"
"pyaar kafi","0"
"love education","0"
"kamal i love this","0"
"alhamdulillah kese ho","0"
"game wonderful","0"
"book kafi","0"
"congratulations why","0"
"zindabad dost","0"
"excuse me","0"
"amazing happy birthday","0"
"khana","0"
"khana bahut khoob","0"
"sunshine pyaar","0"
"that makes sense education","0"
"food movie","0"
"maybe","0"
"chai yaar","0"
"theek","0"
"good evening i agree","0"
"nature kaun","0"
"mashallah science","0"
"maybe kaun","0"
"kahan dua me yaad rakhna","0"
"who exactly","0"
"what thanks","0"
"kya baat hai pardon me","0"
"nature nice to meet you","0"
"kaise parso","0"
"kaise pardon me","0"
"nahi please","0"
"mohabbat yaar","0"
"yes see you later","0"
"sure thing movie","0"
"subah ghar","0"
"muzrat sab theek ho jayega","0"
"mohabbat friend","0"
"sab theek ho jayega","0"
"allah hafiz maybe","0"
"yaar salam","0"
"beautiful mohabbat","0"
"happiness don't worry","0"
"excellent please","0"
"allah hafiz","0"
"zabardast pani","0"
"jazakallah pani","0"
"education excellent","0"
"bazar salam","0"
"kab i agree","0"
"this is so cool","0"
"zindabad happy birthday","0"
"aabad raho education","0"
"who education","0"
"this is so cool education","0"
"thank you excuse me","0"
"khuda hafiz","0"
"dukan happy birthday","0"
"thanks this is so cool","0"
"movie chawal","0"
"thank you take care","0"
"mohabbat this is so cool","0"
"definitely khana","0"
"khuda hafiz wonderful","0"
"certainly koi masla nahi","0"
"assalamualaikum jee","0"
"art","0"
"khuda hafiz family","0"
"thank you smile","0"
"zabardast acha","0"
"bilkul parso","0"
"brilliant khuda hafiz","0"
"i agree excuse me","0"
"excellent koi masla nahi","0"
"kaun congratulations","0"
"art my apologies","0"
"behtareen muzrat","0"
"aaj","0"
"zabardast kaun","0"
"aaj learning","0"
"behtareen thank you","0"
"subah kya ho raha hai","0"
"book jeete raho","0"
"aabad raho exactly","0"
"keep it up","0"
"rotih happiness","0"
"wonderful how","0"
"rotih khuda hafiz","0"
"what that makes sense","0"
"khoobsurat rotih","0"
"please khuda hafiz","0"
"inshallah","0"
"take care congratulations","0"
"happiness bilkul","0"
"family","0"
"congratulations peace","0"
"how are you wonderful","0"
"sab theek ho jayega learning","0"
"it's okay learning","0"
"art jeete raho","0"
"movie zabardast","0"
"excuse me fikar na karo","0"
"nahi muzrat","0"
"bazar good job","0"
"interesting bilkul","0"
"don't worry","0"
"exactly joy","0"
"mashallah excellent","0"
"bilkul inshallah","0"
"khoobsurat mashallah","0"
"shukriya chawal","0"
"shabash perhaps","0"
"cheers kya ho raha hai","0"
"have a good day zabardast","0"
"kal","0"
"khuda hafiz kab","0"
"excellent cheers","0"
"kya baat hai sab theek ho jayega","0"
"mohabbat see you later","0"
"inshallah why","0"
"kahan","0"
"kafi phir milenge","0"
"muzrat","0"
"kaun raat","0"
"sorry kamal","0"
"game bohat ala","0"
"sure thing","0"
"who koi baat nahi","0"
"koi baat nahi dua me yaad rakhna","0"
"book food","0"
"movie what","0"
"see you later it's okay","0"
"office education","0"
"friend love","0"
"smile kyun","0"
"kal hello","0"
"chai kya baat hai","0"
"bilkul","0"
"alhamdulillah good morning","0"
"subah kaise","0"
"shabash koi masla nahi","0"
"happiness fantastic","0"
"jazakallah how","0"
"jeete raho beautiful","0"
"see you later why","0"
"kahan pyaar","0"
"muzrat college","0"
"maybe i love this","0"
"shukriya fikar na karo","0"
"great aur sunao","0"
"hi maaf karna","0"
"inshallah kab","0"
"school sab theek ho jayega","0"
"this is so cool great","0"
"behtareen how","0"
"assalamualaikum kya baat hai","0"
"mashallah bye","0"
"love bhai","0"
"sab theek ho jayega all good","0"
"aur sunao awesome","0"
"kyun art","0"
"kaun when","0"
"excellent perhaps","0"
"what kyaa haal hai","0"
"where allah hafiz","0"
"mohabbat muzrat","0"
"bahut khoob kaun","0"
"alhamdulillah college","0"
"don't worry interesting","0"
"take care which","0"
"meherbani dua me yaad rakhna","0"
"excuse me it's okay","0"
"khoobsurat why","0"
"kal movie","0"
"kya ho raha hai hello","0"
"aaj college","0"
"all good kaise","0"
"bye maybe","0"
"subah sorry","0"
"kyun food","0"
"which movie","0"
"beautiful kya baat hai","0"
"bye smile","0"
"jeete raho","0"
"when nahi","0"
"how theek","0"
"mohabbat salam","0"
"water hi","0"
"alhamdulillah","0"
"where friend","0"
"pani mohabbat","0"
"khush raho knowledge","0"
"kab kal","0"
"sorry awesome","0"
"see you later nahi","0"
"definitely acha","0"
"learning certainly","0"
"raat","0"
"friend aaj","0"
"salam aabad raho","0"
"theek school","0"
"wonderful kya hua","0"
"khush raho","0"
"definitely assalamualaikum","0"
"acha","0"
"kaisa chal raha hai thanks","0"
"koi masla nahi","0"
"raat beautiful","0"
"when bohat ala","0"
"excellent behtareen","0"
"that makes sense no problem","0"
"i love this kese ho","0"
"kaisa chal raha hai you're welcome","0"
"good evening book","0"
"please sorry","0"
"have a good day jee","0"
"bohat ala rotih","0"
"awesome bye","0"
"keep it up peace","0"
"sunshine rotih","0"
"nahi dukan","0"
"kya baat hai i agree","0"
"kab","0"
"zabardast keep it up","0"
"dost shabash","0"
"dost learning","0"
"kaisa chal raha hai game","0"
"why kamal","0"
"parso subhanallah","0"
"behtareen knowledge","0"
"how how are you","0"
"pardon me raat","0"
"zabardast food","0"
"so true bhai","0"
"pyaar aabad raho","0"
"office water","0"
"yaar inshallah","0"
"peace ghar","0"
"knowledge college","0"
"kamal mohabbat","0"
"interesting amazing","0"
"who","0"
"interesting dukan","0"
"khush raho excuse me","0"
"pani excellent","0"
"haan kahan","0"
"kese ho aur sunao","0"
"fikar na karo haan","0"
"water well done","0"
"kuch nahi excuse me","0"
"movie thank you","0"
"no it's okay","0"
"bazar jazakallah","0"
"beautiful definitely","0"
"all good assalamualaikum","0"
"which well done","0"
"maaf karna phir milenge","0"
"knowledge","0"
"salam happiness","0"
"definitely bhai","0"
"aaj dua me yaad rakhna","0"
"kaun kab","0"
"mashallah yaar","0"
"family mohabbat","0"
"shukriya khana","0"
"alhamdulillah who","0"
"kya ho raha hai zabardast","0"
"i love this see you later","0"
"this is so cool good job","0"
"kamal excuse me","0"
"shabash rotih","0"
"shaam kaun","0"
"this is so cool zindabad","0"
"phir milenge meherbani","0"
"so true","0"
"zindabad meherbani","0"
"koi masla nahi beautiful","0"
"art pani","0"
"mashallah have a good day","0"
"zabardast love","0"
"chai","0"
"brilliant kaise","0"
"education mohabbat","0"
"excuse me bohat ala","0"
"khuda hafiz keep it up","0"
"kya hua kyun","0"
"haan","0"
"jee school","0"
"this is so cool thanks","0"
"wonderful knowledge","0"
"dost what","0"
"sab theek brilliant","0"
"kyun exactly","0"
"don't worry no","0"
"jeete raho what","0"
"when it's okay","0"
"shabash kaun","0"
"movie kese ho","0"
"kafi you're welcome","0"
"what i agree","0"
"khana keep it up","0"
"kab pardon me","0"
"happiness yaar","0"
"this is so cool fikar na karo","0"
"dost","0"
"kaisa chal raha hai aaj","0"
"take care kyun","0"
"maaf karna how","0"
"kaise college","0"
"theek hello","0"
"khuda hafiz kal","0"
"thank you khush raho","0"
"kahan sunshine","0"
"subhanallah","0"
"sab theek koi baat nahi","0"
"joy kya baat hai","0"
"kya hua kya baat hai","0"
"where brilliant","0"
"you're welcome peace","0"
"thanks kya hua","0"
"kafi chawal","0"
"aaj thank you","0"
"kaise salam","0"
"nice to meet you sunshine","0"
"who theek","0"
"bazar kaise","0"
"kaisa chal raha hai meherbani","0"
"don't worry happy birthday","0"
"kaise how","0"
"all good good morning","0"
"zindabad what","0"
"interesting maybe","0"
"good morning","0"
"college spot on","0"
"when parso","0"
"excuse me meherbani","0"
"alhamdulillah have a good day","0"
"ghar what","0"
"theek which","0"
"phir milenge it's okay","0"
"aabad raho that makes sense","0"
"shukriya dukan","0"
"i love this sab theek ho jayega","0"
"pyaar water","0"
"bazar theek","0"
"dua me yaad rakhna jeete raho","0"
"allah hafiz koi masla nahi","0"
"phir milenge inshallah","0"
"kyun game","0"
"definitely khoobsurat","0"
"yaar kab","0"
"awesome who","0"
"pardon me kya baat hai","0"
"smile kab","0"
"hello","0"
"hello kuch nahi","0"
"great kyun","0"
"mohabbat kya ho raha hai","0"
"this is so cool cheers","0"
"kyaa haal hai","0"
"so true spot on","0"
"well done so true","0"
"chawal food","0"
"knowledge movie","0"
"excellent kaisa chal raha hai","0"
"have a good day kuch nahi","0"
"assalamualaikum jazakallah","0"
"subah which","0"
"khush raho happiness","0"
"aabad raho my apologies","0"
"parso raat","0"
"that makes sense","0"
"good evening spot on","0"
"bye how","0"
"zindabad game","0"
"kyaa haal hai interesting","0"
"chawal please","0"
"kahan muzrat","0"
"dukan how are you","0"
"zindabad","0"
"perhaps aaj","0"
"dukan salam","0"
"sorry zabardast","0"
"love exactly","0"
"family have a good day","0"
"kese ho this is so cool","0"
"alhamdulillah jigri","0"
"koi baat nahi aur sunao","0"
"assalamualaikum education","0"
"who nahi","0"
"bazar joy","0"
"love joy","0"
"rotih good morning","0"
"kafi exactly","0"
"koi baat nahi chai","0"
"so true learning","0"
"cheers jigri","0"
"subah dost","0"
"certainly this is so cool","0"
"no koi baat nahi","0"
"take care college","0"
"school keep it up","0"
"knowledge kya hua","0"
"hi kyaa haal hai","0"
"rotih how are you","0"
"movie happiness","0"
"sab theek art","0"
"haan good evening","0"
"so true science","0"
"all good spot on","0"
"have a good day that makes sense","0"
"yaar ghar","0"
"college keep it up","0"
"excellent dukan","0"
"behtareen inshallah","0"
"kahan kaun","0"
"zabardast muzrat","0"
"well done kaise","0"
"ghar chai","0"
"brilliant so true","0"
"acha kal","0"
"happy birthday art","0"
"kya hua book","0"
"peace pani","0"
"inshallah thanks","0"
"kya baat hai koi baat nahi","0"
"beautiful","0"
"bazar maybe","0"
"subah kuch nahi","0"
"dua me yaad rakhna","0"
"nahi college","0"
"acha well done","0"
"assalamualaikum jeete raho","0"
"kaise kya baat hai","0"
"learning good morning","0"
"kese ho music","0"
"please fikar na karo","0"
"sunshine","0"
"salam","0"
"thanks bahut khoob","0"
"inshallah kal","0"
"parso behtareen","0"
"water koi masla nahi","0"
"khana have a good day","0"
"inshallah all good","0"
"good morning muzrat","0"
"kafi bhai","0"
"khana amazing","0"
"definitely kaisa chal raha hai","0"
"spot on phir milenge","0"
"food parso","0"
"pardon me good morning","0"
"excellent","0"
"mohabbat keep it up","0"
"sab theek behtareen","0"
"music zabardast","0"
"aur sunao","0"
"meherbani chai","0"
"pyaar chai","0"
"bhai subhanallah","0"
"zabardast alhamdulillah","0"
"mohabbat dua me yaad rakhna","0"
"koi baat nahi pyaar","0"
"khuda hafiz nice to meet you","0"
"how excuse me","0"
"shukriya kuch nahi","0"
"excellent art","0"
"dukan awesome","0"
"kaise amazing","0"
"parso see you later","0"
"bhai sab theek","0"
"you're welcome nahi","0"
"cheers haan","0"
"chai bahut khoob","0"
"office kahan","0"
"my apologies bahut khoob","0"
"dukan book","0"
"pyaar college","0"
"kamal don't worry","0"
"kaisa chal raha hai dua me yaad rakhna","0"
"all good why","0"
"education music","0"
"exactly shukriya","0"
"office","0"
"subah water","0"
"khana rotih","0"
"shabash chai","0"
"which how","0"
"it's okay great","0"
"dua me yaad rakhna fikar na karo","0"
"dukan kal","0"
"kab alhamdulillah","0"
"where bilkul","0"
"inshallah shaam","0"
"kafi peace","0"
"maaf karna don't worry","0"
"amazing school","0"
"kese ho chai","0"
"bye bhai","0"
"mashallah wonderful","0"
"exactly aaj","0"
"bye how are you","0"
"bilkul science","0"
"i love this education","0"
"pyaar excuse me","0"
"kamal","0"
"why dukan","0"
"when zindabad","0"
"khush raho love","0"
"inshallah love","0"
"kya ho raha hai joy","0"
"bahut khoob phir milenge","0"
"i agree kya hua","0"
"zindabad that makes sense","0"
"peace great","0"
"keep it up inshallah","0"
"have a good day bohat ala","0"
"khuda hafiz fantastic","0"
"raat have a good day","0"
"khush raho interesting","0"
"so true koi masla nahi","0"
"happy birthday nahi","0"
"phir milenge school","0"
"maaf karna thanks","0"
"how water","0"
"don't worry family","0"
"hi good job","0"
"excellent why","0"
"khoobsurat aaj","0"
"khana how are you","0"
"no ghar","0"
"jigri phir milenge","0"
"please good morning","0"
"have a good day dua me yaad rakhna","0"
"science i agree","0"
"kaun jazakallah","0"
"brilliant subah","0"
"good morning book","0"
"goodbye definitely","0"
"food office","0"
"parso sab theek ho jayega","0"
"yes maybe","0"
"food hi","0"
"koi masla nahi bazar","0"
"pardon me fikar na karo","0"
"dukan","0"
"science bye","0"
"koi baat nahi shabash","0"
"keep it up parso","0"
"wonderful jigri","0"
"bahut khoob jeete raho","0"
"parso haan","0"
"office peace","0"
"keep it up dukan","0"
"khush raho goodbye","0"
"bhai water","0"
"alhamdulillah sab theek ho jayega","0"
"pani jeete raho","0"
"joy office","0"
"bye where","0"
"game perhaps","0"
"koi masla nahi acha","0"
"goodbye kaun","0"
"amazing koi baat nahi","0"
"subhanallah that makes sense","0"
"how are you take care","0"
"my apologies kaun","0"
"dost kafi","0"
"raat pyaar","0"
"congratulations inshallah","0"
"music kyun","0"
"shaam family","0"
"perhaps no problem","0"
"sab theek","0"
"maaf karna kya ho raha hai","0"
"happiness kaise","0"
"certainly happy birthday","0"
"book knowledge","0"
"music hi","0"
"happiness","0"
"theek kyaa haal hai","0"
"friend zabardast","0"
"khush raho beautiful","0"
"when i love this","0"
"jee bilkul","0"
"maaf karna zabardast","0"
"happy birthday acha","0"
"which kafi","0"
"dukan i love this","0"
"hi kaisa chal raha hai","0"
"inshallah movie","0"
"art office","0"
"love good job","0"
"kamal kab","0"
"jeete raho family","0"
"hello well done","0"
"no problem all good","0"
"game subhanallah","0"
"bazar inshallah","0"
"kaun aabad raho","0"
"perhaps","0"
"sab theek ho jayega bhai","0"
"please assalamualaikum","0"
"khana thank you","0"
"mashallah my apologies","0"
"when muzrat","0"
"good job excuse me","0"
"take care sab theek","0"
"great kya ho raha hai","0"
"pyaar ghar","0"
"smile who","0"
"yes i agree","0"
"jeete raho it's okay","0"
"khush raho aur sunao","0"
"smile peace","0"
"beautiful knowledge","0"
"chawal that makes sense","0"
"you're welcome","0"
"game interesting","0"
"exactly which","0"
"kahan book","0"
"aaj bilkul","0"
"koi baat nahi that makes sense","0"
"all good","0"
"see you later nature","0"
"jeete raho koi masla nahi","0"
"kya hua shaam","0"
"learning it's okay","0"
"thanks good job","0"
"it's okay shaam","0"
"kal assalamualaikum","0"
"thank you","0"
"sab theek ho jayega this is so cool","0"
"assalamualaikum this is so cool","0"
"kyun nice to meet you","0"
"i love this","0"
"you're welcome how","0"
"thanks kese ho","0"
"what what","0"
"no problem rotih","0"
"kese ho well done","0"
"education great","0"
"congratulations congratulations","0"
"i love this perhaps","0"
"keep it up no","0"
"dukan bahut khoob","0"
"khush raho wonderful","0"
"phir milenge kal","0"
"sab theek ho jayega thanks","0"
"exactly dua me yaad rakhna","0"
"kab kamal","0"
"good evening","0"
"keep it up hi","0"
"congratulations salam","0"
"good evening my apologies","0"
"bohat ala","0"
"what happiness","0"
"brilliant that makes sense","0"
"take care","0"
"knowledge cheers","0"
"acha science","0"
"goodbye it's okay","0"
"learning muzrat","0"
"good job goodbye","0"
"joy love","0"
"joy wonderful","0"
"dukan parso","0"
"shabash hi","0"
"behtareen so true","0"
"brilliant kaisa chal raha hai","0"
"sorry","0"
"i agree","0"
"so true zabardast","0"
"jigri","0"
"education khuda hafiz","0"
"amazing kya ho raha hai","0"
"bazar mashallah","0"
"bye bye","0"
"thank you bhai","0"
"game who","0"
"family jeete raho","0"
"good morning inshallah","0"
"koi masla nahi rotih","0"
"pardon me pyaar","0"

"mc","1"
"bc","1"
"mc hai tu","1"
"bc hai tu","1"
"mc saale","1"
"bc saale","1"

"fuck you","1"
"fuck you idiot","1"
"go fuck yourself","1"
"kya yar bc","1"
"yar bc","1"
"kya bc","1"
"teri mc","1"
"teri bc","1"
"mc saala","1"
"bc saala","1"
"bhosdike","1"
"chutiya","1"
"madarchod","1"
"behenchod","1"
"fuck off","1"
"what the fuck","1"
"shut the fuck up","1"
